,estimate,se,lcl,ucl,Study Area,
S:(Intercept),2.1775885,0.1668318,1.8505983,2.5045788,A,0.89821882
S:Study.AreaB,0.0094836,0.2113883,-0.4048375,0.4238047,B,0.899082559
S:Study.AreaC,-0.1439565,0.2114505,-0.5583995,0.2704864,C,0.884283246
