"","estimate","se","lcl","ucl"
"S:(Intercept)",2.1775887,0.1668319,1.8505982,2.5045791
"S:Study.AreaB",0.0094835,0.2113884,-0.4048378,0.4238048
"S:Study.AreaC",-0.1439567,0.2114506,-0.5583999,0.2704866
